title,intro,prep_time,cook_time,total_time,servings,ingredients,directions,nutrition,recipe_url
Korean Banana Milk,I have had a hard time finding Korean Banana Milk so I decided to make my own. This turned out delicious and so much less expensive.,5 mins,,5 mins,1,"['1 banana', '1/2 cup whole milk', '1/2 cup cold water', '1 tablespoon pure maple syrup', '1 teaspoon vanilla', '4 to 5 ice cubes (optional)']","['Combine banana, milk, water, maple syrup and vanilla in the blender cup. Blend until smooth.', 'Place ice cubes in glass (if using). Pour banana milk on top.']","{'Calories': '243', 'Fat': '4g', 'Carbs': '47g', 'Protein': '5g'}",https://www.allrecipes.com/korean-banana-milk-recipe-7966165
Zucchini Smoothie,"This zucchini smoothie is a blend of orange juice, banana, and fresh zucchini that makes a great-tasting breakfast. And don't worry — you can't even taste the zucchini in it!",5 mins,,5 mins,1,"['½ cup ice cubes, or as needed (Optional)', '½  zucchini, shredded', '½  frozen banana', '½ cup orange juice']","['Combine ice cubes, zucchini, banana, and orange juice in a blender. Blend until smooth.']","{'Calories': '118', 'Fat': '1g', 'Carbs': '28g', 'Protein': '2g'}",https://www.allrecipes.com/recipe/265537/zucchini-smoothie/
Beet Smoothie,"This delicious beet smoothie is a gorgeous color and naturally sweet thanks to beets, pineapple, and banana.",15 mins,,15 mins,2,"['2 medium beets, scrubbed', '1  green apple', '1  avocado, peeled and pitted', '¾ cup fresh pineapple chunks', '1  banana, peeled', 'ice cubes']","['Juice beets and green apples, including peels, in an electric juicer.', 'Combine apple-beet juice, avocado, pineapple, banana, and ice in a high-speed blender; blend until smooth.']","{'Calories': '310', 'Fat': '15g', 'Carbs': '47g', 'Protein': '5g'}",https://www.allrecipes.com/recipe/264158/sweet-beet-smoothie/
Monkey C Juice,"A great Vitamin C and potassium boost, and only 2 ingredients! This is a copycat of one of my favorite Robeks juices that has unfortunately been retired. Make sure to use freshly-squeezed juice, otherwise the flavor just isn't the same with store-bought.",5 mins,,5 mins,1,"['8 ounces freshly-squeezed orange juice', '1 medium banana, peeled and quartered']",['Place juice and banana in blender. Blend on high until smooth and frothy. about 30 seconds. Serve immediately.'],"{'Calories': '217', 'Fat': '1g', 'Carbs': '53g', 'Protein': '3g'}",https://www.allrecipes.com/monkey-c-juice-recipe-7370055
PB & J Smoothie,"I made this PB&J smoothie with peanut butter, but it can also be made with powdered peanut butter for a lower-calorie smoothie.",5 mins,,5 mins,1,"['6  frozen strawberries, or more to taste', '¾ cup milk', '1 ½ tablespoons peanut butter', '1 tablespoon blue agave nectar, or more to taste', '1 tablespoon flax seeds']","['Combine strawberries, milk, peanut butter, agave, and flax seeds in a blender; blend until smooth.']","{'Calories': '381', 'Fat': '21g', 'Carbs': '39g', 'Protein': '15g'}",https://www.allrecipes.com/recipe/279625/pb-j-smoothie/
Peanut Butter Banana Smoothie,"This peanut butter banana smoothie is so refreshing, and it's sweet and tasty.",5 mins,,5 mins,4,"['2  bananas, broken into chunks', '2 cups milk', '½ cup peanut butter', '2 tablespoons honey, or to taste', '2 cups ice cubes']","['Gather all ingredients.\n\n \n\n\n\n\n\n \n Dotdash Meredith Food Studios', 'Place bananas, milk, peanut butter, honey, and ice cubes in a blender.\n\n \n\n\n\n\n\n \n Dotdash Meredith Food Studios', 'Blend until smooth, about 30 seconds.\n\n \n\n\n\n\n\n \n Dotdash Meredith Food Studios', 'Enjoy!\n\n \n\n\n\n\n\n \n DOTDASH MEREDITH FOOD STUDIOS']","{'Calories': '335', 'Fat': '19g', 'Carbs': '34g', 'Protein': '13g'}",https://www.allrecipes.com/recipe/221261/peanut-butter-banana-smoothie/
Blueberry Smoothie,"Blueberry smoothie recipes are a great way to use fresh or frozen berries, and this is a delicious one!",5 mins,,5 mins,2,"['1 cup blueberries (frozen or fresh)', '1 (8 ounce) container plain yogurt', '¾ cup 2% reduced-fat milk', '2 tablespoons white sugar', '½ teaspoon vanilla extract', '⅛ teaspoon ground nutmeg']","['Gather all ingredients.\n\n \n\n\n\n\n\n \n Dotdash Meredith Food Studios', 'Blend blueberries, yogurt, milk, sugar, vanilla, and nutmeg in a blender until frothy, scraping down the sides of the blender if needed.\n\n \n\n\n\n\n\n \n Dotdash Meredith Food Studios', 'Divide between 2 glasses and serve immediately. Enjoy!\n\n \n\n\n\n\n\n \n Dotdash Meredith Food Studios']","{'Calories': '211', 'Fat': '4g', 'Carbs': '36g', 'Protein': '10g'}",https://www.allrecipes.com/recipe/215184/blueberry-smoothie/
Chocolate Banana Peanut Butter Protein Shake,This chocolate protein shake is high in protein and tasty.,10 mins,,10 mins,1,"['6  ice cubes', '1 cup milk', '1  banana', '1 scoop chocolate-flavored protein powder', '2 tablespoons peanut butter', '1 tablespoon honey', '1 teaspoon unsweetened cocoa powder, or more to taste']","['Gather all ingredients.\n\n \n\n\n\n\n\n \n Dotdash Meredith Food Studios', 'Blend ice cubes, milk, banana, protein powder, peanut butter, honey, and cocoa powder together in a blender until smooth.\n\n \n\n\n\n\n\n \n Dotdash Meredith Food Studios', 'Enjoy!\n\n \n\n\n\n\n\n \n Dotdash Meredith Food Studios']","{'Calories': '561', 'Fat': '23g', 'Carbs': '67g', 'Protein': '31g'}",https://www.allrecipes.com/recipe/244959/chocolate-banana-peanut-butter-protein-shake/
Fruit and Yogurt Smoothie,This yogurt smoothie recipe is delicious! You may substitute the strawberries for any other berries or fruit.,5 mins,,5 mins,2,"['1 cup strawberries', '1  banana', '½ cup yogurt', '¼ cup pineapple juice', '1 ½ teaspoons white sugar', '1 teaspoon orange juice', '1 teaspoon milk']","['Gather all ingredients.\n\n \n\n\n\n\n\n \n Dotdash Meredith Food Studios', 'Combine strawberries, banana, yogurt, pineapple juice, sugar, orange juice, and milk in a blender.\n\n \n\n\n\n\n\n \n Dotdash Meredith Food Studios', 'Blend until smooth.\n\n \n\n\n\n\n\n \n Dotdash Meredith Food Studios']","{'Calories': '146', 'Fat': '1g', 'Carbs': '31g', 'Protein': '5g'}",https://www.allrecipes.com/recipe/215189/fruit-and-yogurt-smoothie/
Strawberry Oatmeal Breakfast Smoothie,"This vegan oatmeal smoothie has a deep pink color and a rich, creamy texture. It's very filling, and perfect for people in a rush in the morning. You don't have to give up a good breakfast when it's this fast to make! I use vitamin fortified soy milk.",5 mins,,5 mins,2,"['1 cup soy milk', '½ cup rolled oats', '14  frozen strawberries', '1  banana, broken into chunks', '1 ½ teaspoons white sugar (Optional)', '½ teaspoon vanilla extract (Optional)']","['Gather ingredients.\n\n \n\n\n\n\n\n \n Dotdash Meredith Food Studios', 'Blend soy milk, oats, strawberries, and banana in a blender until smooth. Add sugar and vanilla and blend again until smooth.', 'Pour into glasses and serve.\n\n \n\n\n\n\n\n \n DOTDASH MEREDITH FOOD STUDIOS']","{'Calories': '142', 'Fat': '4g', 'Carbs': '21g', 'Protein': '7g'}",https://www.allrecipes.com/recipe/23539/strawberry-oatmeal-breakfast-smoothie/
Spinach and Banana Power Smoothie,"A vegan banana spinach smoothie that is quick, easy, and surprisingly delicious. I make one of these tasty treats for myself every morning for breakfast, and it powers me all the way until lunch. I love the mild sweetness of the banana, but if you want it sweeter you could add sugar. I've also added different flavors like ginger, cinnamon, apple, or any number of ingredients. Raw vegans can substitute raw almond milk for the soy. Feel free to experiment with different versions, and enjoy the pure energy that comes from eating fresh, good-for-you food!",10 mins,,10 mins,1,"['1 cup plain soy milk', '¾ cup packed fresh spinach leaves', '1 large banana, sliced']","['Gather all ingredients.\n\n \n\n\n\n\n\n \n Dotdash Meredith Food Studios', 'Blend soy milk and spinach together in a blender until smooth.\n\n \n\n\n\n\n\n \n Dotdash Meredith Food Studios', 'Add banana and pulse until thoroughly blended.\n\n \n\n\n\n\n\n \n Dotdash Meredith Food Studios']","{'Calories': '257', 'Fat': '5g', 'Carbs': '47g', 'Protein': '10g'}",https://www.allrecipes.com/recipe/241019/spinach-and-banana-power-smoothie/
Basic Fruit Smoothie,"This is a great fruit smoothie recipe consisting of fruit, fruit juice, and ice. I like to use whatever fresh fruits I crave that day... Berries, mangos, papayas, kiwi fruit, etc. Experiment with your favorites!",10 mins,,10 mins,4,"['1 quart strawberries, hulled', '2  fresh peaches - peeled, pitted, and sliced', '1  banana, broken into chunks', '2 cups ice', '1 cup orange-peach-mango juice']","['Gather all ingredients.\n\n \n\n\n\n\n\n \n Dotdash Meredith Food Studios', 'Combine strawberries, peaches, and banana in a blender; blend until smooth.\n\n \n\n\n\n\n\n \n Dotdash Meredith Food Studios', 'Add ice and pour in juice; blend again to desired consistency.\n\n \n\n\n\n\n\n \n Dotdash Meredith Food Studios', 'Enjoy!\n\n \n\n\n\n\n\n \n DOTDASH MEREDITH FOOD STUDIOS']","{'Calories': '118', 'Fat': '1g', 'Carbs': '29g', 'Protein': '2g'}",https://www.allrecipes.com/recipe/23553/basic-fruit-smoothie/
B and L's Strawberry Smoothie,"This strawberry smoothie recipe blends strawberries with milk, yogurt, sugar, and vanilla for an icy-cold treat. You'll love it!",5 mins,,5 mins,2,"['8  strawberries, hulled', '½ cup skim milk', '½ cup plain yogurt', '3 tablespoons white sugar', '2 teaspoons vanilla extract', '6 cubes  ice, crushed']","['Gather all ingredients.\n\n \n\n\n\n\n\n \n Dotdash Meredith Food Studios', 'Combine strawberries, milk, yogurt, sugar, and vanilla in a blender. Add ice and blend until smooth and creamy.\n\n \n\n\n\n\n\n \n Dotdash Meredith Food Studios', 'Pour into glasses and serve immediately. Enjoy!\n\n \n\n\n\n\n\n \n Dotdash Meredith Food Studios']","{'Calories': '160', 'Fat': '1g', 'Carbs': '30g', 'Protein': '6g'}",https://www.allrecipes.com/recipe/20792/b-and-ls-strawberry-smoothie/
Berry Chocolate Protein Smoothie,"This berry chocolate protein smoothie is the perfect early morning breakfast or the perfect fix for when a sweet craving hits. The chocolate is rich, and the berries provide a little tart sweetness with no added sugar.",5 mins,,5 mins,1,"['6 fluid ounces almond milk, such as MALK®', '3 ounces frozen strawberries', '2 ounces frozen blueberries', '1 scoop chocolate protein powder, such as Premier® or Six Star®', 'sugar-free whipped topping (optional)', 'sugar free chocolate chips']","['Add almond milk, strawberries, and blueberries to a high-powered blender, such as a Vitamix®. Blend on High for 45 seconds. Turn blender off; add protein powder. Blend for 15 seconds more.', 'Pour mixture into a glass, top with sugar-free whipped topping and sugar-free chocolate chips.\n\n Cook’s Note\nThe Vitamix is more powerful than a regular blender, such as a ninja. Using a regular blender, you’ll need to blend longer.']","{'Calories': '274', 'Fat': '6g', 'Carbs': '30g', 'Protein': '27g'}",https://www.allrecipes.com/berry-chocolate-protein-smoothie-recipe-11711428
Pineapple Smoothie,"A tropical pineapple smoothie made with fresh frozen pineapple, banana, and canned coconut milk. Using frozen fruit eliminates the need for ice. This smoothie makes 1 large serving or 2 smaller servings.",5 hrs,,5 hrs,2,"['1 1/2 cups cubed pineapple, frozen', '1 banana, sliced and frozen', '1 cup canned coconut milk', '1/2 teaspoon coconut extract', '1/2 teaspoon vanilla extract']","['Combine pineapple, banana, coconut milk, coconut extract, and vanilla in a blender cup; blend until smooth. Serve immediately.\n\n Cook’s Note\nAdd more coconut milk if\xa0smoothie\xa0is on the thick side.']","{'Calories': '343', 'Fat': '24g', 'Carbs': '33g', 'Protein': '4g'}",https://www.allrecipes.com/pineapple-smoothie-recipe-8641509
Pineapple and Banana Smoothie,"A gorgeous indulgent pineapple smoothie with banana — simple, easy, and delicious!",5 mins,,5 mins,1,"['4  ice cubes', '¼  fresh pineapple - peeled, cored and cubed', '1 large banana, cut into chunks', '1 cup pineapple or apple juice']","['Gather all ingredients.\n\n \n\n\n\n\n\n \n Dotdash Meredith Food Studios', 'Place ice cubes, pineapple, banana, and pineapple juice into the container of a blender.\n\n \n\n\n\n\n\n \n Dotdash Meredith Food Studios', 'Purée on high until smooth.\n\n \n\n\n\n\n\n \n Dotdash Meredith Food Studios', 'Enjoy!\n\n \n\n\n\n\n\n \n DOTDASH MEREDITH FOOD STUDIOS']","{'Calories': '313', 'Fat': '1g', 'Carbs': '79g', 'Protein': '3g'}",https://www.allrecipes.com/recipe/138159/pineapple-and-banana-smoothie/
Frozen Fruit Smoothie,"This frozen fruit smoothie is fast, simple, nutritious, and tasty with extra protein from the Greek yogurt. It’s a great on-the-go breakfast or afternoon snack. I always include a banana, but choose your favorite frozen fruits such as strawberries, cherries, pineapple, raspberries, and blueberries.",10 mins,,10 mins,3,"['9 ounces pineapple juice', '2 cups assorted frozen fruit\xa0(your choice)', '1 frozen banana, cut into chunks', '1 cup vanilla Greek yogurt (such as Cabot® 2%)']","['Add juice, frozen fruit, frozen banana, and yogurt to the jar of a blender, and process until smooth. If too thick, add a little more pineapple juice until you reach your desired consistency.', 'Pour into glasses and serve.\n\n Cook’s Note\nI raid the freezer when I want to make smoothies, since I always keep frozen fruit on hand. To make this even easier, you can buy a bag of frozen assorted fruit at the grocery store. If you have smoothie leftovers (or intentionally make more than you know you’ll need), fill popsicle molds for the next day. The kids will love them, and it’s a great way to get them to eat their fruit. You will need a high-powered blender because of the frozen fruit. Otherwise, let the frozen fruit thaw just a bit and add some extra juice and yogurt to your blender.']","{'Calories': '213', 'Fat': '2g', 'Carbs': '42g', 'Protein': '8g'}",https://www.allrecipes.com/frozen-fruit-smoothie-recipe-8624320
Apple Smoothie,"This apple smoothie works well with any kind of apple—sweet, tart, or anything in between. With warm pie spices, Greek yogurt, banana, and almond butter, it's a great way to begin your day or liven up the afternoon.",5 mins,0 mins,5 mins,1,"['1 small banana, peeled and frozen', '1 large Fuji apple, cored and sliced', '3/4 cup whole milk plain Greek yogurt', '1/4 cup unsweetened apple juice', '3 tablespoons rolled oats', '1 tablespoon almond butter', '2 teaspoons maple syrup, or to taste', '1 pinch ground cinnamon', '1 pinch ground nutmeg', '1 pinch ground cloves']","['Place banana, apple, yogurt, apple juice, oats, almond butter, maple syrup, cinnamon, nutmeg, and cloves into the cup of a high speed blender, and blend until smooth. If desired, add ice for a thicker smoothie, or add milk for a thinner consistency.']","{'Calories': '623', 'Fat': '19g', 'Carbs': '95g', 'Protein': '22g'}",https://www.allrecipes.com/apple-smoothie-recipe-7568869
"Apple, Strawberry, and Banana Smoothie","Start your day off right with this quick and nutritious apple smoothie, ready in minutes. This breakfast smoothie has a nice combination of fruit and is slightly sweet, creamy, and satisfying.",5 mins,0 mins,5 mins,2,"['3/4 cup vanilla almond milk', '1 apple - peeled, cored, and cubed', '1 cup halved frozen strawberries', '1 frozen banana, peeled and cubed', '1/4 cup vanilla Greek yogurt (such as Cabot® 2% lowfat vanilla Greek yogurt)']","['Place almond milk, apple, strawberries, banana, and yogurt in a blender, being sure the milk goes in first. Process until smooth, occasionally scraping down the sides of the blender with a rubber spatula, if necessary.', 'Pour into serving glasses and serve immediately.']","{'Calories': '561', 'Fat': '3g', 'Carbs': '137g', 'Protein': '9g'}",https://www.allrecipes.com/apple-strawberry-and-banana-smoothie-recipe-7568897
2-Ingredient Frozen Fruit Smoothie,"This frozen fruit smoothie has two ingredients and is both refreshing and hydrating. It’s a great way to get a tropical chill on a sultry summer day, without any added sweetener.",5 mins,0 mins,5 mins,1,"['9 ounces frozen mixed fruit (strawberries, peaches, pineapple, and mango)', '8 ounces coconut water', '1 blackberry (optional)', '1 strawberry (optional)']","['Pour coconut water into a Vitamix blender. Add frozen fruit. Slowly turn the blender to Variable 10, then to High 10. Blend for 45 seconds.', 'Pour smoothie into glass; garnish with strawberry and blackberry if desired.']","{'Calories': '161', 'Fat': '1g', 'Carbs': '38g', 'Protein': '3g'}",https://www.allrecipes.com/2-ingredient-frozen-fruit-smoothie-recipe-7497358
Recharge-Style Strawberry Mango Smoothie,If you can't get to a Recharge Smoothie Cafe - try this copy cat strawberry-mango smoothie at home.,10 mins,,10 mins,1,"['1  banana - peeled, sliced, and frozen', '½ cup frozen mango cubes', '½ cup frozen sliced strawberries', '⅓ cup orange pineapple apple juice blend (such as Welch’s®)', '⅓ cup unsweetened coconut water', 'strawberry for garnish']","['Add banana, mango, strawberries, juice, and coconut water to a blender. Blend until smooth, stopping to scrape sides as needed. Pour into a glass; garnish with fresh strawberry.']","{'Calories': '254', 'Fat': '1g', 'Carbs': '64g', 'Protein': '3g'}",https://www.allrecipes.com/recipe/8536123/recharge-style-strawberry-mango-smoothie/
Avocado Smoothie,"This avocado smoothie is thick, creamy, and delicious. Makes a great breakfast smoothie.",5 mins,,5 mins,2,"['1  ripe avocado, halved and pitted', '1 cup milk', '½ cup vanilla yogurt', '3 tablespoons honey', '8  ice cubes']","['Gather the ingredients.\n\n \n\n\n\n\n\n \n Allrecipes / Qi Ai', 'Scoop avocado flesh into a blender; add milk, yogurt, honey, and ice cubes. Blend ingredients until smooth.\n\n \n\n\n\n\n\n \n Allrecipes / Qi Ai']","{'Calories': '370', 'Fat': '18g', 'Carbs': '49g', 'Protein': '9g'}",https://www.allrecipes.com/recipe/199931/avocado-smoothie/
Easy Mango Banana Smoothie,"This mango banana smoothie is great for kids. As a babysitter, I always look for quick, easy, healthy, and delicious recipes.",10 mins,,10 mins,8,"['2  mangos - peeled, seeded, and sliced', '2  bananas', '2 cups vanilla yogurt', '2 cups milk']","['Combine mangos, banana, vanilla yogurt, and milk in a blender; blend until smooth.']","{'Calories': '133', 'Fat': '2g', 'Carbs': '24g', 'Protein': '6g'}",https://www.allrecipes.com/recipe/231851/easy-mango-banana-smoothie/
Strawberry Banana Protein Smoothie,This strawberry-banana protein smoothie with almonds and protein powder is great for a meal replacement or after a workout.,10 mins,,10 mins,1,"['1 ¼ cups sliced fresh strawberries', '1  banana', '10  whole almonds', '2 tablespoons water', '1 cup ice cubes', '3 tablespoons chocolate flavored protein powder']","['Place strawberries, banana, almonds, and water into a blender; blend to combine. Add ice cubes and puree until smooth. Add protein powder and mix until evenly incorporated, about 30 seconds.']","{'Calories': '349', 'Fat': '8g', 'Carbs': '53g', 'Protein': '21g'}",https://www.allrecipes.com/recipe/160708/strawberry-banana-protein-smoothie/
Pineapple Cleanser Smoothie,"An energizing cucumber and pineapple smoothie with coconut water, ginger, and lemon.",10 mins,,10 mins,1,"['1 cup coconut water, or to taste', '1 cup chopped fresh pineapple', '1 stalk celery', '½  cucumber, peeled', '½  lemon, peeled', '⅓ bunch fresh parsley', '1 (1 inch) piece fresh ginger root']","['Gather all ingredients.\n\n \n\n\n\n\n\n \n Dotdash Meredith Food Studios', 'Blend coconut water, pineapple, celery, cucumber, lemon, parsley, and ginger together in a blender until smooth.\n\n \n\n\n\n\n\n \n Dotdash Meredith Food Studios']","{'Calories': '169', 'Fat': '1g', 'Carbs': '43g', 'Protein': '5g'}",https://www.allrecipes.com/recipe/236413/pineapple-cleanser-smoothie/
Best Smoothies for Pre & Post Workouts,,,,,,[],[],,https://www.allrecipes.com/article/best-smoothies-pre-post-workouts/
Spinach and Kale Smoothie,This versatile kale and spinach smoothie is a delicious way to add more veggies to your diet! Chia seeds are optional but will give you added protein and energy.,10 mins,,10 mins,1,"['2 cups fresh spinach', '1 cup almond milk', '1 leaf kale', '1 tablespoon peanut butter', '1 tablespoon chia seeds (Optional)', '1  sliced frozen banana']","['Combine spinach, almond milk, kale, peanut butter, and chia seeds in a blender; blend until smooth. Add banana and blend until smooth.']","{'Calories': '325', 'Fat': '14g', 'Carbs': '46g', 'Protein': '10g'}",https://www.allrecipes.com/recipe/236951/spinach-and-kale-smoothie/
Strawberry Orange Banana Smoothie,This orange juice smoothie with banana and strawberries is super refreshing!,5 mins,,5 mins,1,"['1 cup fresh strawberries', '¾ cup orange juice', '1  ripe banana', '1 cup ice cubes, or as needed']","['Blend strawberries, orange juice, banana, and ice in a blender until smooth and frothy.']","{'Calories': '238', 'Fat': '1g', 'Carbs': '58g', 'Protein': '4g'}",https://www.allrecipes.com/recipe/215163/strawberry-orange-banana-smoothie/
Healthy Chocolate Smoothie,"This chocolate smoothie is naturally sweetened with bananas, so you don't have to add sugar to sweeten the cocoa. This healthy beverage is my go-to for a midday energy boost; the kids love it too!",10 mins,,10 mins,2,"['2  very ripe bananas', '1 cup milk', '6  ice cubes', '1 ½ tablespoons unsweetened cocoa powder', '1 tablespoon peanut butter', '1 teaspoon vanilla extract']","['Combine bananas, milk, ice cubes, cocoa powder, peanut butter, and vanilla in a blender; blend on high speed until smooth. Pour into 2 glasses.']","{'Calories': '229', 'Fat': '7g', 'Carbs': '37g', 'Protein': '8g'}",https://www.allrecipes.com/recipe/245061/healthy-chocolate-smoothie/
Healthy Berry and Spinach Smoothie,"This spinach berry smoothie is an easy way to get kids to eat their fruits and veggies. If you want a fruitier taste, exclude the yogurt.",10 mins,,10 mins,4,"['2 cups frozen berries', '1 cup plain yogurt', '½ cup orange juice', '¼ cup fresh spinach, or to taste', '5  strawberries']","['Blend berries, yogurt, orange juice, spinach, and strawberries together in a blender until smooth.']","{'Calories': '88', 'Fat': '1g', 'Carbs': '17g', 'Protein': '4g'}",https://www.allrecipes.com/recipe/240726/healthy-berry-and-spinach-smoothie/
Kale and Banana Smoothie,"This kale smoothie with banana is perfect for those of us who have a hard time getting our daily dose of veggies! Nutrient-rich kale is hidden in this delicious, easy smoothie.",5 mins,,5 mins,1,"['2 cups chopped kale', '1  banana', '½ cup light unsweetened soy milk', '1 tablespoon flax seeds', '1 teaspoon maple syrup']","['Gather all ingredients.\n\n \n\n\n\n\n\n \n Dotdash Meredith Food Studios', 'Place kale, banana, soy milk, flax seeds, and maple syrup into a blender.\n\n \n\n\n\n\n\n \n Dotdash Meredith Food Studios', 'Cover and purée until smooth.\n\n \n\n\n\n\n\n \n Dotdash Meredith Food Studios', 'Serve over ice.\n\n \n\n\n\n\n\n \n Dotdash Meredith Food Studios']","{'Calories': '311', 'Fat': '7g', 'Carbs': '57g', 'Protein': '12g'}",https://www.allrecipes.com/recipe/173730/kale-and-banana-smoothie/
20 Breakfast Smoothie Recipes to Start Your Day the Healthy Way,,,,,,[],[],,https://www.allrecipes.com/gallery/breakfast-smoothie-recipes/
"Banana, Avocado, and Spinach Smoothie","A quick and delicious banana, avocado, and spinach smoothie that can be used as a breakfast or snack!",10 mins,,10 mins,2,"['1  banana, sliced', '½  avocado, peeled and sliced', '½ cup fresh spinach', '½ cup 1% milk', '6  ice cubes', '2 teaspoons honey', '1 teaspoon vanilla extract']","['Blend banana, avocado, spinach, milk, ice cubes, honey, and vanilla together in a blender until smooth.']","{'Calories': '190', 'Fat': '8g', 'Carbs': '28g', 'Protein': '4g'}",https://www.allrecipes.com/recipe/241365/banana-avocado-and-spinach-smoothie/
The Best Post-Workout Shake,"This is the best post-workout shake. It's delicious, nutritious, and filling — a perfect drink after a hard workout at the gym. I've been drinking it every morning for years after I finish my workout around 8 am, and I stay full until 11:30 am!",5 mins,,5 mins,1,"['1 scoop whey protein powder', '1 tablespoon flax seed meal', '1 tablespoon unsweetened cocoa powder', '1 teaspoon brown sugar (Optional)', '1 cup unsweetened almond milk', '½ cup frozen mixed berries', '1 medium banana', '1 tablespoon smooth peanut butter']","['Layer protein powder, flax meal, cocoa powder, and brown sugar in a blender. Add almond milk, frozen berries, banana, and peanut butter. Blend until smooth, about 1 minute.']","{'Calories': '493', 'Fat': '17g', 'Carbs': '67g', 'Protein': '29g'}",https://www.allrecipes.com/recipe/245163/the-best-post-workout-shake/
Kiwi Strawberry Smoothie,"This kiwi strawberry smoothie is full of tropical, fruity goodness!",5 mins,,5 mins,2,"['¾ cup pineapple and orange juice blend', '½ cup vanilla frozen yogurt', '1  banana', '6  strawberries', '1  kiwi']","['Place juice blend, frozen yogurt, banana, strawberries, and kiwi into a blender. Blend until smooth and pour into 2 glasses.']","{'Calories': '204', 'Fat': '1g', 'Carbs': '48g', 'Protein': '4g'}",https://www.allrecipes.com/recipe/77035/kiwi-strawberry-smoothie/
20 Easy Smoothie Recipes With 3 Ingredients or Less,Spend less time prepping ingredients and more time sipping on your favorite treat.,,,,,[],[],,https://www.allrecipes.com/gallery/easy-smoothie-recipes/
Orange Banana Smoothie,I recommend this orange and banana smoothie — it's filling enough to have for breakfast!,10 mins,,10 mins,2,"['1 cup cold milk', '½ cup vanilla fat-free yogurt', '¼ cup sugar', '1 pinch salt', '2 medium oranges, peeled and segmented', '1 medium banana', '4 cubes  ice']","['Gather all ingredients.\n\n \n\n\n\n\n\n \n Dotdash Meredith Food Studios', 'Combine milk, yogurt, sugar, and salt in a blender. Add oranges and banana and blend for about 1 minute. Add ice and blend until smooth.\n\n \n\n\n\n\n\n \n Dotdash Meredith Food Studios', 'Serve and enjoy!\n\n \n\n\n\n\n\n \n Dotdash Meredith Food Studios']","{'Calories': '340', 'Fat': '3g', 'Carbs': '74g', 'Protein': '9g'}",https://www.allrecipes.com/recipe/32448/orange-banana-smoothie/
Simple Cantaloupe Smoothie,"This cantaloupe smoothie recipe is very simple. It is a sweet, healthy way to start your day with a delicious, unique flavor.",5 mins,,5 mins,1,"['1 cup vanilla yogurt (such as Dannon® Light and Fit®)', '½ cup orange juice', '½ cup sliced cantaloupe', '4  ice cubes, crushed, or as needed']","['Process yogurt, orange juice, cantaloupe, and ice cubes in a blender until smooth, about 30 seconds.']","{'Calories': '291', 'Fat': '4g', 'Carbs': '53g', 'Protein': '14g'}",https://www.allrecipes.com/recipe/238339/simple-cantaloupe-smoothie/
"Delicious, Healthy Strawberry Shake","My mom made this strawberry shake for me when I was a kid. I loved it then, and I still love it, especially on hot days!",10 mins,,10 mins,2,"['2 cups milk', '1 cup frozen strawberries', '1 tablespoon honey', '1 teaspoon vanilla extract']","['Combine milk, strawberries, honey, and vanilla in a blender. Blend until smooth.', 'Pour into glasses and serve.']","{'Calories': '186', 'Fat': '5g', 'Carbs': '27g', 'Protein': '8g'}",https://www.allrecipes.com/recipe/20816/delicious-healthy-strawberry-shake/
Strawberry Banana Protein Shake,"This strawberry banana protein shake is a healthy, versatile drink, perfect for a post-workout meal. It also makes a healthy alternative to an ice cream shake for the kids. The banana and strawberries can be substituted with kiwi, pineapple, pears, mango, blueberries, etc. Get creative and enjoy!",5 mins,,5 mins,2,"['1 cup skim milk', '1 scoop vanilla-flavored whey protein powder', '2 cups ice', '1 cup strawberries', '1 large banana', '1 tablespoon natural peanut butter']","['Layer milk, protein powder, ice, strawberries, banana, and peanut butter in a blender in this order; blend until creamy and smooth.']","{'Calories': '261', 'Fat': '5g', 'Carbs': '31g', 'Protein': '26g'}",https://www.allrecipes.com/recipe/244960/strawberry-banana-protein-shake/
"Blueberry, Banana, and Peanut Butter Smoothie","This is the perfect peanut butter and berry smoothie to get your day moving, give you a boost, or serve as a kid-friendly snack!",10 mins,,10 mins,2,"['1 tablespoon flaxseed meal', '1  banana', '1 cup milk', '½ cup frozen blueberries', '½ cup plain yogurt', '1 tablespoon peanut butter', '1 teaspoon honey']","['Put flaxseed meal into a blender to grind and further break down.', 'Place banana, milk, blueberries, yogurt, peanut butter, and honey into the blender. Cover and purée until smooth.', 'Pour into glasses to serve.']","{'Calories': '251', 'Fat': '9g', 'Carbs': '34g', 'Protein': '11g'}",https://www.allrecipes.com/recipe/186813/blueberry-banana-and-peanut-butter-smoothie/
Strawberry Banana Peanut Butter Smoothie,"This smoothie with strawberry, banana, and peanut butter is a creamy treat with protein and no added sugar. It's a yummy breakfast or dessert!",10 mins,,10 mins,1,"['½ cup nonfat plain yogurt', '1  banana', '4  fresh strawberries, hulled', '2 tablespoons peanut butter', '10  ice cubes']","['Place yogurt, banana, strawberries, and peanut butter into a blender. Add ice cubes and purée until smooth.']","{'Calories': '389', 'Fat': '19g', 'Carbs': '46g', 'Protein': '16g'}",https://www.allrecipes.com/recipe/150121/strawberry-banana-peanut-butter-smoothie/
Strawberry Raspberry Smoothie,"A basic strawberry and raspberry smoothie made with healthy ingredients. Choose organic, pesticide-free berries, probiotic yogurt, and local honey if possible!",10 mins,,10 mins,1,"['1 cup hulled fresh strawberries', '½ cup frozen raspberries', '½ cup lowfat milk', '½ cup vanilla yogurt', '1 tablespoon honey', '1 teaspoon vanilla extract']","['Gather all ingredients.\n\n \n\n\n\n\n\n \n Rachel Marek / Food Stylist: Addelyn Evans / Prop Stylist: Gabriel Greco', 'Blend strawberries, raspberries, milk, yogurt, honey, and vanilla together in a blender until smooth.\n\n \n\n\n\n\n\n \n Rachel Marek / Food Stylist: Addelyn Evans / Prop Stylist: Gabriel Greco']","{'Calories': '318', 'Fat': '5g', 'Carbs': '59g', 'Protein': '12g'}",https://www.allrecipes.com/recipe/231749/strawberry-raspberry-smoothie/
"Cocoa, Banana, and Peanut Butter Smoothie",This healthy banana-chocolate smoothie recipe is ideal for a post-workout protein drink or afternoon pick-me-up. No supplemental protein mix needed!,5 mins,,5 mins,1,"['1 cup milk', '½  chopped frozen banana, or more to taste', '2 tablespoons peanut butter', '2 teaspoons unsweetened cocoa powder', '1 teaspoon honey']","['Blend together milk, frozen banana, peanut butter, cocoa powder, and honey in a blender until smooth.']","{'Calories': '397', 'Fat': '22g', 'Carbs': '40g', 'Protein': '18g'}",https://www.allrecipes.com/recipe/244224/healthy-cocoa-banana-pb-smoothie/
Simple Summer Smoothie,"I just gathered together my favorite fruits and added what else was needed. If you like, use a multigrain bar (I use Entenmann's strawberry flavored), crumble it, and sprinkle some on top of each smoothie.",10 mins,,10 mins,4,"['1  banana', '1 cup frozen strawberries', '1 cup frozen blueberries', '1 cup frozen cherries', '4  ice cubes', '½ cup orange juice', '¾ cup vanilla yogurt', '½ teaspoon honey (Optional)']","['Place the banana, strawberries, blueberries, cherries, and ice cubes into a blender. Pour in the orange juice, vanilla yogurt, and honey. Puree until smooth.']","{'Calories': '139', 'Fat': '1g', 'Carbs': '31g', 'Protein': '4g'}",https://www.allrecipes.com/recipe/172463/simple-summer-smoothie/
Melon Smoothie,This one is great when melons are in season.,5 mins,,5 mins,4,"['¼  cantaloupe - peeled, seeded and cubed', '¼  honeydew melon - peeled, seeded and cubed', '1  lime, juiced', '2 tablespoons sugar']","['In a blender, combine cantaloupe, honeydew, lime juice and sugar. Blend until smooth. Pour into glasses and serve.']","{'Calories': '70', 'Fat': '0g', 'Carbs': '18g', 'Protein': '1g'}",https://www.allrecipes.com/recipe/32450/melon-smoothie/
Apple Banana Smoothie,"This apple and banana smoothie is a thick, healthy fruit drink with apple, banana, and orange juice. The frozen banana takes the place of shaved ice and results in a smooth, creamy texture. Serve with a dollop of whipped cream for added effect.",5 mins,,5 mins,2,"['1 medium Gala apple, peeled, cored and chopped', '1 frozen banana, peeled and chopped', '½ cup orange juice', '¼ cup milk']","['Gather all ingredients.\n\n \n\n\n\n\n\n \n Dotdash Meredith Food Studios', 'Combine apple, frozen banana, orange juice, and milk in a blender; blend until smooth.\n\n \n\n\n\n\n\n \n Dotdash Meredith Food Studios', 'Pour into glasses to serve. Enjoy!\n\n \n\n\n\n\n\n \n Dotdash Meredith Food Studios']","{'Calories': '145', 'Fat': '1g', 'Carbs': '33g', 'Protein': '2g'}",https://www.allrecipes.com/recipe/20610/apple-banana-smoothie/
Peanut Butter Strawberry Smoothie,"I made this peanut butter strawberry smoothie recipe out of my own mind. It's simple, healthy, and delicious! Serve it chilled.",10 mins,,10 mins,1,"['8  strawberries, sliced', '½ cup plain yogurt', '¼ cup milk', '2 tablespoons creamy peanut butter', '1 teaspoon brown sugar']","['Place strawberries, yogurt, milk, peanut butter, and brown sugar together in a blender; blend for 2 minutes then rest for 10 seconds. Blend until smooth, 2 minutes more.']","{'Calories': '363', 'Fat': '20g', 'Carbs': '33g', 'Protein': '18g'}",https://www.allrecipes.com/recipe/236205/peanut-butter-strawberry-smoothie/
Flax Seed Smoothie,This flaxseed smoothie with banana and strawberries is a good source of fiber and a quick and low-calorie grab in the morning.,5 mins,,5 mins,1,"['1 cup low-fat vanilla soy milk', '1 cup frozen strawberries', '½  frozen banana, peeled and cut into chunks', '2 tablespoons flaxseed meal']","['Place soy milk, strawberries, banana, and flaxseed meal into a blender; blend until smooth.']","{'Calories': '273', 'Fat': '8g', 'Carbs': '47g', 'Protein': '8g'}",https://www.allrecipes.com/recipe/161325/flax-seed-smoothie/
Peach Banana Smoothie,This is a delicious smoothie recipe that I stumbled upon while in the kitchen. It is a great treat on a warm summer day. Try vanilla yogurt for even more flavor.,5 mins,,5 mins,4,"['1 cup plain yogurt', '1 (15.25 ounce) can peaches', '2  bananas, sliced', '¼ cup orange juice', '¼ cup white sugar, or to taste', '2 cubes  ice']","['Blend yogurt, peaches, bananas, orange juice, sugar, and ice in a blender on high until the ice is crushed and the smoothie is to your desired consistency.']","{'Calories': '194', 'Fat': '1g', 'Carbs': '44g', 'Protein': '5g'}",https://www.allrecipes.com/recipe/232903/peach-banana-smoothie/
Banana Peanut Butter Smoothie,I love this smoothie with peanut butter powder. Powdered peanut butter has fewer calories than regular peanut butter.,5 mins,,5 mins,1,"['1 cup unsweetened almond milk', '1  frozen banana, sliced', '½ cup ice, or as needed', '2 tablespoons powdered peanut butter', '1 tablespoon cocoa powder', '1 teaspoon cinnamon']","['Blend almond milk, banana, ice, powdered peanut butter, cocoa powder, and cinnamon together in a blender until smooth.']","{'Calories': '232', 'Fat': '5g', 'Carbs': '46g', 'Protein': '8g'}",https://www.allrecipes.com/recipe/237693/banana-peanut-butter-smoothie/
Watermelon Milkshake,A cold refreshing drink on a hot summer day.,10 mins,,10 mins,4,"['1 ½ cups diced watermelon', '2 ¼ cups milk', '2 teaspoons white sugar']",['Process the watermelon and milk together in a blender until smooth. Add the sugar and blend another 10 seconds to incorporate. Serve immediately.'],"{'Calories': '94', 'Fat': '3g', 'Carbs': '13g', 'Protein': '5g'}",https://www.allrecipes.com/recipe/215579/watermelon-milkshake/
Green Monster Smoothie,Great post-workout snack that will keep you filled for hours! The taste of the banana and the peanut butter cover the taste of the spinach completely. I freeze my bananas and spinach then prepackage everything for the week! Substitutions include rice or nut milks or vanilla yogurt.,5 mins,,5 mins,1,"['1 cup fat-free milk', '½ cup fat-free plain yogurt', '1  banana, frozen and chunked', '1 tablespoon natural peanut butter', '2 cups fresh spinach', '1 cup ice cubes (Optional)']","['Blend milk, yogurt, banana, peanut butter, spinach, and ice cubes until smooth.']","{'Calories': '382', 'Fat': '9g', 'Carbs': '56g', 'Protein': '24g'}",https://www.allrecipes.com/recipe/222708/green-monster-smoothie/
Lela's Protein Mango Smoothie,Whip up a refreshing protein vanilla mango shake.,10 mins,,10 mins,1,"['½  mango, chopped, or more to taste', '½ cup low-fat vanilla yogurt', '½ cup almond milk', '½ cup ice', '1 scoop vanilla whey protein powder', '1 teaspoon honey, or to taste (Optional)']","['Blend mango, yogurt, almond milk, ice, protein powder, and honey together in a blender until smooth.']","{'Calories': '401', 'Fat': '4g', 'Carbs': '49g', 'Protein': '45g'}",https://www.allrecipes.com/recipe/238647/lelas-protein-mango-smoothie/
Healthy Blueberry Breakfast Smoothie,"A quick recipe I thought up while trying to decide what to eat for breakfast. Great if you are trying to figure out what to do with those blueberries in the fridge or freezer! Also great on-the-go!
Delicious and includes many foods that are a great way to start your day! Many of the ingredients, except for the blueberries and yogurt, are optional and vary depending on your own taste. I love cinnamon and a thick, super-cold smoothie. This recipe is super versatile, and you can change it depending on dietary needs or personal preference. Have fun with it!",15 mins,,15 mins,1,"['1 cup fresh blueberries', '½ cup Greek yogurt', '¼ cup orange juice', '1 tablespoon white sugar, or to taste', '¼ teaspoon vanilla extract', '1 pinch ground cinnamon, or to taste', '3  ice cubes']","['Blend blueberries, yogurt, orange juice, sugar, vanilla extract, and cinnamon together in a blender on low speed for 30 seconds; increase speed to high and blend until smooth, about 2 minutes. Add ice and blend on high until smooth, about 1 minute more.']","{'Calories': '295', 'Fat': '11g', 'Carbs': '45g', 'Protein': '8g'}",https://www.allrecipes.com/recipe/242198/healthy-blueberry-breakfast-smoothie/
All-Fruit Smoothies,"Quick, easy smoothies made entirely with fruit!",10 mins,,10 mins,2,"['1 cup pineapple juice', '1 large banana, cut into chunks', '1 cup frozen strawberries', '1 cup frozen blueberries']","['Pour pineapple juice into a blender and add banana, strawberries, and blueberries. Cover and blend until smooth, about 1 minute. Pour into 2 glasses.']","{'Calories': '205', 'Fat': '1g', 'Carbs': '51g', 'Protein': '2g'}",https://www.allrecipes.com/recipe/228854/all-fruit-smoothies/
Mangonada,"A mangonada is a layered Mexican drink similar to a smoothie and a great way to use up fresh ripe mangos. It's sweet, salty, tart, and fruity — a definite cool-down drink for those hot summer days!",15 mins,,15 mins,1,"['1 teaspoon chamoy (Mexican chili fruit condiment)', '1 teaspoon chili-lime seasoning (such as Tajin)', '1 cup mango chunks, frozen', '¾ cup water', '½ medium lime, juiced', '1 tablespoon chamoy (Mexican chili fruit condiment)', '1 teaspoon chili-lime seasoning (such as Tajin)', '2 tablespoons diced fresh mango']","['Place 1 teaspoon chamoy on a plate. Place 1 teaspoon chili-lime seasoning on another plate. Dip rim of glass first in chamoy, then in chili-lime seasoning. Set aside.', 'Combine frozen mango, water, and lime juice in a blender; blend until smooth.', 'Place 1/2 tablespoon chamoy in the bottom of the glass. Add 1/2 teaspoon chili-lime seasoning and 1/2 of the blended mangoes. Repeat layers and top with diced fresh mango.']","{'Calories': '147', 'Fat': '1g', 'Carbs': '38g', 'Protein': '1g'}",https://www.allrecipes.com/recipe/285857/mangonada/
Creamy Mango Smoothie,"If you like mangos, you must try this luscious and creamy smoothie. It is both light and filling. You can use fresh or frozen mango chunks. There's no better way to get some calcium and fruit in for the day! Enjoy!!! If you love other fruit, add bananas, raspberries, or strawberries, if you wish.",5 mins,,5 mins,2,"['¾ cup cold milk', '¼ cup vanilla yogurt', '¾ teaspoon vanilla extract', '1 ½ cups chopped fresh mango', '3  ice cubes']","['Blend the milk, yogurt, vanilla extract, mango, and ice cubes in a blender until smooth and creamy.']","{'Calories': '157', 'Fat': '3g', 'Carbs': '30g', 'Protein': '5g'}",https://www.allrecipes.com/recipe/215171/creamy-mango-smoothie/
Nectarine Sunshine Smoothie,A tart sweet blend of fruit that's a perfect way to greet the day.,10 mins,,30 mins,4,"['2 large  nectarines, pitted and quartered', '1  banana, cut into pieces and frozen', '1 large orange, peeled and quartered', '1 cup vanilla yogurt', '1 cup orange juice', '1 tablespoon honey']","['Place the nectarines, frozen banana chunks, orange, vanilla yogurt, orange juice, and honey into a blender, and blend until smooth.']","{'Calories': '184', 'Fat': '1g', 'Carbs': '41g', 'Protein': '5g'}",https://www.allrecipes.com/recipe/214990/nectarine-sunshine-smoothie/
Berries and Cream Smoothie,"If you have ever had a bowl of berries mixed with a little sugar and then topped with some whipping cream, you know that it is heavenly. If you haven't tried it before, maybe you shouldn't so that you can avoid forming an addiction. Whether you've had it or not, here is a great recipe that tastes just like it. It is simply in the on-the-go, drinkable form. Garnish with whipped cream and/or berries.",5 mins,,5 mins,3,"['1 cup heavy cream', '¾ cup half-and-half', '¼ cup white sugar', '½ teaspoon vanilla extract', '1 cup frozen blueberries', '1 cup frozen strawberries', '½ cup frozen raspberries', '½ cup frozen blackberries', '½ cup milk']","['Pour cream and half-and-half into an electric blender and blend on low speed until it begins to thicken. Add sugar and vanilla extract and mix for about 30 seconds. Add blueberries, strawberries, raspberries, and blackberries. Blend until smooth, adding milk if necessary to make blending easier.']","{'Calories': '517', 'Fat': '38g', 'Carbs': '42g', 'Protein': '6g'}",https://www.allrecipes.com/recipe/277994/berries-and-cream-smoothie/
Banana Smoothie I,"My father taught me how to make this recipe when I was a little girl. It is very easy to make. This recipe contains raw eggs. We recommend that pregnant women, young children, the elderly and the infirm do not consume raw eggs.",5 mins,,5 mins,1,"['1  banana', '1 cup milk', '1 teaspoon vanilla extract', '1  egg', '2 tablespoons white sugar', '1 pinch ground cinnamon']","['In a blender, combine banana, milk, vanilla, egg and sugar. Blend until smooth. Pour into a tall glass and top with a pinch of cinnamon.']","{'Calories': '410', 'Fat': '10g', 'Carbs': '65g', 'Protein': '16g'}",https://www.allrecipes.com/recipe/22929/banana-smoothie-i/
My Mango Lassi,Mango lassi is very rich and luxurious drink with yogurt and mangoes. It is the perfect summer drink when served chilled.,10 mins,,10 mins,2,"['1 ½ cups mangos - peeled, seeded, chopped, and chilled', '1 ½ cups plain yogurt', '½ cup cold milk', '2 tablespoons heavy cream', ""2 tablespoons confectioners' sugar"", '½ teaspoon ground cardamom']","[""Combine mangos, yogurt, milk, cream, confectioners' sugar, and cardamom in a blender; blend until smooth and frothy. Pour into glasses and serve immediately.""]","{'Calories': '228', 'Fat': '10g', 'Carbs': '24g', 'Protein': '12g'}",https://www.allrecipes.com/recipe/264349/my-mango-lassi/
Banana Lassi,"Who doesn't like a mango lassi, right? But when you don't have good fresh mangos or can't find mango puree, why not try a banana lassi? I ordered 2 in a restaurant in Udaipur because they were so good and it was because they had no mangos at the time -- what a find!",10 mins,,10 mins,2,"['2  over-ripe bananas, broken into chunks', '1 ¼ cups thick plain yogurt', '⅓ cup milk, or more to taste', '2  ice cubes', '2 tablespoons white sugar']","['Blend bananas, yogurt, milk, ice cubes, and sugar together in a blender until smooth.']","{'Calories': '270', 'Fat': '4g', 'Carbs': '52g', 'Protein': '11g'}",https://www.allrecipes.com/recipe/238362/banana-lassi/
Raspberry Blackberry Smoothie,A delicious smoothie!,10 mins,,10 mins,2,"['1 small banana', '½ cup blackberries', '1 cup fresh raspberries', '1 (6 ounce) container vanilla yogurt', '1 tablespoon honey', '4  ice cubes']","['Place banana, blackberries, raspberries, yogurt, honey, and ice cubes into a blender. Blend until smooth.']","{'Calories': '195', 'Fat': '2g', 'Carbs': '43g', 'Protein': '6g'}",https://www.allrecipes.com/recipe/203239/raspberry-blackberry-smoothie/
